dataset,method,audience_id,code_path_id,edit_type,FRS_1,FRS_3,FRS_5,mean_abs_delta_frac_3
online-retail-ii,A1_typed_beam,A1_000,a1_typed_beam_portfolio,add,0.989902389767755,0.9707169303264894,0.9259508582968697,0.009761023224503534
online-retail-ii,A1_typed_beam,A1_000,a1_typed_beam_portfolio,drop,0.6637495792662403,0.6637495792662403,0.6220127903062942,0.27319645461685177
online-retail-ii,A1_typed_beam,A1_000,a1_typed_beam_portfolio,threshold,0.6637495792662403,0.6637495792662403,0.8111746886570178,0.21014248849994388
online-retail-ii,A1_typed_beam,A1_d2_000,a1_typed_beam_portfolio,add,0.9821608885897004,0.9761023224503534,0.9761023224503534,0.007965892516548861
online-retail-ii,A1_typed_beam,A1_d2_000,a1_typed_beam_portfolio,drop,0.991921911814204,0.5188488724335241,0.8460114439582632,0.3145405587344328
online-retail-ii,A1_typed_beam,A1_d2_000,a1_typed_beam_portfolio,threshold,0.9920902053180747,0.9729047458768092,0.8493773140356782,0.020924492314596657
online-retail-ii,A1_typed_beam,A1_d2_001,a1_typed_beam_portfolio,add,0.9762706159542242,0.9739145069000337,0.9740828004039044,0.008695164366655447
online-retail-ii,A1_typed_beam,A1_d2_001,a1_typed_beam_portfolio,drop,0.9754291484348704,0.8091551666105689,0.6364860316391787,0.08425894760462245
online-retail-ii,A1_typed_beam,A1_d2_001,a1_typed_beam_portfolio,threshold,0.9792998990238977,0.9717266913497139,0.6748569505217099,0.01032200157073937
online-retail-ii,A1_typed_beam,A1_d2_011,a1_typed_beam_portfolio,add,0.9712218108381017,0.9688657017839112,0.9688657017839112,0.010378099405362953
online-retail-ii,A1_typed_beam,A1_d2_011,a1_typed_beam_portfolio,drop,0.8306967351060249,0.6194883877482329,0.6194883877482329,0.24537192864355437
online-retail-ii,A1_typed_beam,A1_d2_011,a1_typed_beam_portfolio,threshold,0.9740828004039044,0.8773140356782229,0.6156176371592057,0.04953438797262425
online-retail-ii,A1_typed_beam,A1_003,a1_typed_beam_portfolio,add,0.9671827667452036,0.877145742174352,0.8892628744530461,0.04095141927521598
online-retail-ii,A1_typed_beam,A1_003,a1_typed_beam_portfolio,drop,0.852911477616964,0.6231908448333894,0.6231908448333894,0.13912262986648716
online-retail-ii,A1_typed_beam,A1_003,a1_typed_beam_portfolio,threshold,0.9594412655671491,0.6231908448333894,0.6231908448333894,0.23768652530012338
online-retail-ii,A1_typed_beam,A1_002,a1_typed_beam_portfolio,add,0.9776169639851902,0.9718949848535846,0.8345674856950521,0.00936833838213845
online-retail-ii,A1_typed_beam,A1_002,a1_typed_beam_portfolio,drop,0.9501851228542578,0.9171995960955908,0.8956580276001347,0.03859531022102547
online-retail-ii,A1_typed_beam,A1_002,a1_typed_beam_portfolio,threshold,0.9501851228542578,0.8956580276001347,0.8956580276001347,0.06238079210142489
online-retail-ii,A1_typed_beam,A1_d2_009,a1_typed_beam_portfolio,add,0.9843487041400202,0.983170649612925,0.983170649612925,0.005609783462358353
online-retail-ii,A1_typed_beam,A1_d2_009,a1_typed_beam_portfolio,drop,0.9661730057219792,0.8446650959272972,0.5175025244025581,0.06529787950185123
online-retail-ii,A1_typed_beam,A1_d2_009,a1_typed_beam_portfolio,threshold,0.9870414002019522,0.9742510939077752,0.980477953550993,0.012117132278694043
online-retail-ii,A1_typed_beam,A1_d2_003,a1_typed_beam_portfolio,add,0.9917536183103333,0.9833389431167957,0.9833389431167957,0.00555368562773477
online-retail-ii,A1_typed_beam,A1_d2_003,a1_typed_beam_portfolio,drop,0.992595085829687,0.6149444631437226,0.6149444631437226,0.2503085380904297
online-retail-ii,A1_typed_beam,A1_d2_003,a1_typed_beam_portfolio,threshold,0.99326825984517,0.984516997643891,0.9384045775833053,0.0061707618085941884
online-retail-ii,A0_propose_verify,A0_000,a0_schema_propose_verify,add,0.9353752945136318,0.922416694715584,0.9020531807472232,0.025861101761472008
online-retail-ii,A0_propose_verify,A0_000,a0_schema_propose_verify,drop,0.852911477616964,0.6637495792662403,0.6220127903062942,0.27319645461685177
online-retail-ii,A0_propose_verify,A0_000,a0_schema_propose_verify,threshold,0.6637495792662403,0.6637495792662403,0.6220127903062942,0.22416694715583976
online-retail-ii,A0_propose_verify,A0_001,a0_schema_propose_verify,add,0.9321777179400875,0.9769437899697072,0.8845506563446651,0.007685403343430944
online-retail-ii,A0_propose_verify,A0_001,a0_schema_propose_verify,drop,0.5456075395489735,0.5456075395489735,0.5188488724335241,0.4543924604510266
online-retail-ii,A0_propose_verify,A0_001,a0_schema_propose_verify,threshold,0.5456075395489735,0.5456075395489735,0.5188488724335241,0.4543924604510266
online-retail-ii,A0_propose_verify,A0_003,a0_schema_propose_verify,add,0.9853584651632447,0.9634803096600472,0.849545607539549,0.012173230113317626
online-retail-ii,A0_propose_verify,A0_003,a0_schema_propose_verify,drop,0.6637495792662403,0.6231908448333894,0.6231908448333894,0.23768652530012338
online-retail-ii,A0_propose_verify,A0_003,a0_schema_propose_verify,threshold,0.6637495792662403,0.6231908448333894,0.6231908448333894,0.20217659598339507
online-retail-ii,A0_propose_verify,A0_002,a0_schema_propose_verify,add,0.9860316391787277,0.8140356782228206,0.8212722988892629,0.06198810725905981
online-retail-ii,A0_propose_verify,A0_002,a0_schema_propose_verify,drop,0.9171995960955908,0.9286435543588017,0.8956580276001347,0.054751486592617526
online-retail-ii,A0_propose_verify,A0_002,a0_schema_propose_verify,threshold,0.9784584315045439,0.9286435543588017,0.8956580276001347,0.054751486592617526
online-retail-ii,A0_propose_verify,A0_004,a0_schema_propose_verify,add,0.9969707169303265,0.8712554695388758,0.8912823964994951,0.04291484348704141
online-retail-ii,A0_propose_verify,A0_004,a0_schema_propose_verify,drop,0.9321777179400875,0.8768091551666106,0.8768091551666106,0.08212722988892629
online-retail-ii,A0_propose_verify,A0_004,a0_schema_propose_verify,threshold,0.9789633120161562,0.9111410299562437,0.8768091551666106,0.08184674071580837
online-retail-ii,A0_propose_verify,A0_005,a0_schema_propose_verify,add,0.9983170649612925,0.8688993604846853,0.55604173678896,0.043700213171771564
online-retail-ii,A0_propose_verify,A0_005,a0_schema_propose_verify,drop,0.9094580949175362,0.9500168293503871,0.8916189835072367,0.04998317064961292
online-retail-ii,A0_propose_verify,A0_005,a0_schema_propose_verify,threshold,0.9500168293503871,0.9321777179400875,0.9321777179400875,0.045214854706608326
online-retail-ii,A0_propose_verify,A0_006,a0_schema_propose_verify,add,0.9941097273645237,0.9254459777852575,0.9569168630090878,0.024851340738247504
online-retail-ii,A0_propose_verify,A0_006,a0_schema_propose_verify,drop,0.8111746886570178,0.6220127903062942,0.8111746886570178,0.2871087176035005
online-retail-ii,A0_propose_verify,A0_006,a0_schema_propose_verify,threshold,0.8108381016492764,0.8111746886570178,0.6220127903062942,0.12588354089532144
online-retail-ii,A0_propose_verify,A0_007,a0_schema_propose_verify,add,0.9989902389767755,0.9013800067317401,0.9022214742510939,0.03287333108941995
online-retail-ii,A0_propose_verify,A0_007,a0_schema_propose_verify,drop,0.9286435543588017,0.8956580276001347,0.8956580276001347,0.0861662739818243
online-retail-ii,A0_propose_verify,A0_007,a0_schema_propose_verify,threshold,0.9501851228542578,0.9171995960955908,0.8956580276001347,0.06619544485582857
online-retail-ii,A2_freetext,A2_003,a2_nl_tag,add,0.9798047795355099,0.9495119488387749,0.9495119488387749,0.01682935038707506
online-retail-ii,A2_freetext,A2_003,a2_nl_tag,drop,1.0,1.0,1.0,0.0
online-retail-ii,A2_freetext,A2_003,a2_nl_tag,threshold,1.0,1.0,1.0,0.0
online-retail-ii,A2_freetext,A2_002,a2_nl_tag,add,0.8561090541905082,0.7667452036351396,0.7643890945809492,0.07775159878828677
online-retail-ii,A2_freetext,A2_002,a2_nl_tag,drop,1.0,1.0,1.0,0.0
online-retail-ii,A2_freetext,A2_002,a2_nl_tag,threshold,1.0,1.0,1.0,0.0
online-retail-ii,A2_freetext,A2_007,a2_nl_tag,add,0.7377987209693706,0.7032985526758667,0.6974082800403905,0.09890048244137774
online-retail-ii,A2_freetext,A2_007,a2_nl_tag,drop,1.0,1.0,1.0,0.0
online-retail-ii,A2_freetext,A2_007,a2_nl_tag,threshold,1.0,1.0,1.0,0.0
online-retail-ii,A2_freetext,A2_001,a2_nl_tag,add,0.7753281723325479,0.7616963985190172,0.7611915180074049,0.07943453382699427
online-retail-ii,A2_freetext,A2_001,a2_nl_tag,drop,1.0,1.0,1.0,0.0
online-retail-ii,A2_freetext,A2_001,a2_nl_tag,threshold,1.0,1.0,1.0,0.0
online-retail-ii,A2_freetext,A2_010,a2_nl_tag,add,0.856950521709862,0.8101649276337933,0.806294177044766,0.06327835745540222
online-retail-ii,A2_freetext,A2_010,a2_nl_tag,drop,1.0,1.0,1.0,0.0
online-retail-ii,A2_freetext,A2_010,a2_nl_tag,threshold,1.0,1.0,1.0,0.0
online-retail-ii,A2_freetext,A2_015,a2_nl_tag,add,0.7021204981487714,0.7275328172332548,0.6952204644900707,0.09082239425558174
online-retail-ii,A2_freetext,A2_015,a2_nl_tag,drop,1.0,1.0,1.0,0.0
online-retail-ii,A2_freetext,A2_015,a2_nl_tag,threshold,1.0,1.0,1.0,0.0
online-retail-ii,A2_freetext,A2_000,a2_nl_tag,add,0.8286772130595759,0.6681252103668799,0.6669471558397846,0.11062492987770671
online-retail-ii,A2_freetext,A2_000,a2_nl_tag,drop,1.0,1.0,1.0,0.0
online-retail-ii,A2_freetext,A2_000,a2_nl_tag,threshold,1.0,1.0,1.0,0.0
online-retail-ii,A2_freetext,A2_004,a2_nl_tag,add,0.7899697071693033,0.9402558061258836,0.773308650286099,0.019914731291372154
online-retail-ii,A2_freetext,A2_004,a2_nl_tag,drop,1.0,1.0,1.0,0.0
online-retail-ii,A2_freetext,A2_004,a2_nl_tag,threshold,1.0,1.0,1.0,0.0
online-retail-ii,A4_random,A4_034,a4_uniform_catalogue,add,0.9978121844496802,0.988556041736789,0.0848199259508583,0.00381465275440368
online-retail-ii,A4_random,A4_034,a4_uniform_catalogue,drop,0.9286435543588017,0.9670144732413329,0.8956580276001347,0.032985526758667116
online-retail-ii,A4_random,A4_034,a4_uniform_catalogue,threshold,0.9670144732413329,0.9286435543588017,0.8956580276001347,0.05699539997756087
online-retail-ii,A4_random,A4_027,a4_uniform_catalogue,add,0.8764725681588691,0.9175361831033322,0.1277347694378997,0.02748793896555593
online-retail-ii,A4_random,A4_027,a4_uniform_catalogue,drop,0.9594412655671491,0.9594412655671491,0.9594412655671491,0.04055873443285089
online-retail-ii,A4_random,A4_027,a4_uniform_catalogue,threshold,0.9594412655671491,0.9594412655671491,0.9594412655671491,0.04055873443285089
online-retail-ii,A4_random,A4_025,a4_uniform_catalogue,add,0.9968024234264558,0.909626388421407,0.8402894648266577,0.030124537192864356
online-retail-ii,A4_random,A4_025,a4_uniform_catalogue,drop,0.5188488724335241,0.8460114439582632,0.5188488724335241,0.09373948165600808
online-retail-ii,A4_random,A4_025,a4_uniform_catalogue,threshold,0.9732413328845506,0.8460114439582632,0.5188488724335241,0.11157859306630763
online-retail-ii,A4_random,A4_039,a4_uniform_catalogue,add,0.9983170649612925,0.9537192864355436,0.8810164927633793,0.015426904521485471
online-retail-ii,A4_random,A4_039,a4_uniform_catalogue,drop,0.9893975092561427,0.9468192527768429,0.9468192527768429,0.03545383148210479
online-retail-ii,A4_random,A4_039,a4_uniform_catalogue,threshold,0.9754291484348704,0.9468192527768429,0.9468192527768429,0.038987995063390554
online-retail-ii,A4_random,A4_003,a4_uniform_catalogue,add,0.5238976775496466,0.9808145405587344,0.8458431504543925,0.0063951531470885226
online-retail-ii,A4_random,A4_003,a4_uniform_catalogue,drop,0.971053517334231,0.9367216425445978,0.9367216425445978,0.039492875575002806
online-retail-ii,A4_random,A4_003,a4_uniform_catalogue,threshold,0.9447997307303938,0.9367216425445978,0.9367216425445978,0.03253674408167845
online-retail-ii,A4_random,A4_013,a4_uniform_catalogue,add,1.0,0.995287781891619,0.995287781891619,0.0015707393694603389
online-retail-ii,A4_random,A4_013,a4_uniform_catalogue,drop,0.770615954224167,0.770615954224167,0.770615954224167,0.22938404577583305
online-retail-ii,A4_random,A4_013,a4_uniform_catalogue,threshold,0.770615954224167,0.770615954224167,0.770615954224167,0.22938404577583305
online-retail-ii,A4_random,A4_014,a4_uniform_catalogue,add,0.9887243352406597,0.4225849882194547,0.9792998990238977,0.19247167059351508
online-retail-ii,A4_random,A4_014,a4_uniform_catalogue,drop,0.642376304274655,0.7468865701783911,0.642376304274655,0.2531134298216089
online-retail-ii,A4_random,A4_014,a4_uniform_catalogue,threshold,0.8830360148098283,0.642376304274655,0.642376304274655,0.23841579715023
online-retail-ii,A4_random,A4_016,a4_uniform_catalogue,add,0.987209693705823,0.88118478626725,0.7884550656344665,0.03960507124424997
online-retail-ii,A4_random,A4_016,a4_uniform_catalogue,drop,0.9929316728374284,0.9017165937394817,0.9017165937394817,0.07618085941882644
online-retail-ii,A4_random,A4_016,a4_uniform_catalogue,threshold,0.9929316728374284,0.9017165937394817,0.9609559071019859,0.07618085941882644
online-retail-ii,A5_rfm_fixed,A5_M_q5,a5_rfm_fixed,add,0.996634129922585,0.9727364523729384,0.854930999663413,0.009087849209020532
online-retail-ii,A5_rfm_fixed,A5_M_q5,a5_rfm_fixed,drop,0.8111746886570178,0.8111746886570178,0.6220127903062942,0.16100078536968473
online-retail-ii,A5_rfm_fixed,A5_M_q5,a5_rfm_fixed,threshold,0.852911477616964,0.8111746886570178,0.6220127903062942,0.18882531134298217
online-retail-ii,A5_rfm_fixed,A5_F_q5,a5_rfm_fixed,add,0.9686974082800404,0.920397172669135,0.9089532144059239,0.02653427577695501
online-retail-ii,A5_rfm_fixed,A5_F_q5,a5_rfm_fixed,drop,0.8460114439582632,0.8460114439582632,0.5188488724335241,0.13614944463143722
online-retail-ii,A5_rfm_fixed,A5_F_q5,a5_rfm_fixed,threshold,0.8727701110737126,0.5456075395489735,0.5188488724335241,0.3453382699427802
online-retail-ii,A5_rfm_fixed,A5_R_q1,a5_rfm_fixed,add,1.0,0.995287781891619,0.9998317064961293,0.0015707393694603389
online-retail-ii,A5_rfm_fixed,A5_R_q1,a5_rfm_fixed,drop,1.0,0.770615954224167,0.770615954224167,0.22938404577583305
online-retail-ii,A5_rfm_fixed,A5_R_q1,a5_rfm_fixed,threshold,0.770615954224167,0.770615954224167,0.770615954224167,0.22938404577583305
online-retail-ii,A5_rfm_fixed,A5_R_q5,a5_rfm_fixed,add,0.9909121507909795,0.8709188825311343,0.9059239313362504,0.04302703915628856
online-retail-ii,A5_rfm_fixed,A5_R_q5,a5_rfm_fixed,drop,0.770615954224167,0.770615954224167,0.770615954224167,0.22938404577583305
online-retail-ii,A5_rfm_fixed,A5_R_q5,a5_rfm_fixed,threshold,0.770615954224167,0.770615954224167,0.770615954224167,0.22938404577583305
online-retail-ii,A5_rfm_fixed,A5_M_q1,a5_rfm_fixed,add,0.9861999326825984,0.9624705486368226,0.9422753281723325,0.012509817121059127
online-retail-ii,A5_rfm_fixed,A5_M_q1,a5_rfm_fixed,drop,0.852911477616964,0.8111746886570178,0.8111746886570178,0.09076629642095817
online-retail-ii,A5_rfm_fixed,A5_M_q1,a5_rfm_fixed,threshold,0.8111746886570178,0.6637495792662403,0.6220127903062942,0.22416694715583976
online-retail-ii,RFM_quintile,A5_M_q5,a5_rfm_fixed,add,0.996634129922585,0.9727364523729384,0.854930999663413,0.009087849209020532
online-retail-ii,RFM_quintile,A5_M_q5,a5_rfm_fixed,drop,0.8111746886570178,0.8111746886570178,0.6220127903062942,0.16100078536968473
online-retail-ii,RFM_quintile,A5_M_q5,a5_rfm_fixed,threshold,0.852911477616964,0.8111746886570178,0.6220127903062942,0.18882531134298217
online-retail-ii,RFM_quintile,A5_F_q5,a5_rfm_fixed,add,0.9686974082800404,0.920397172669135,0.9089532144059239,0.02653427577695501
online-retail-ii,RFM_quintile,A5_F_q5,a5_rfm_fixed,drop,0.8460114439582632,0.8460114439582632,0.5188488724335241,0.13614944463143722
online-retail-ii,RFM_quintile,A5_F_q5,a5_rfm_fixed,threshold,0.8727701110737126,0.5456075395489735,0.5188488724335241,0.3453382699427802
online-retail-ii,RFM_quintile,A5_R_q1,a5_rfm_fixed,add,1.0,0.995287781891619,0.9998317064961293,0.0015707393694603389
online-retail-ii,RFM_quintile,A5_R_q1,a5_rfm_fixed,drop,1.0,0.770615954224167,0.770615954224167,0.22938404577583305
online-retail-ii,RFM_quintile,A5_R_q1,a5_rfm_fixed,threshold,0.770615954224167,0.770615954224167,0.770615954224167,0.22938404577583305
online-retail-ii,RFM_quintile,A5_R_q5,a5_rfm_fixed,add,0.9909121507909795,0.8709188825311343,0.9059239313362504,0.04302703915628856
online-retail-ii,RFM_quintile,A5_R_q5,a5_rfm_fixed,drop,0.770615954224167,0.770615954224167,0.770615954224167,0.22938404577583305
online-retail-ii,RFM_quintile,A5_R_q5,a5_rfm_fixed,threshold,0.770615954224167,0.770615954224167,0.770615954224167,0.22938404577583305
online-retail-ii,RFM_quintile,A5_M_q1,a5_rfm_fixed,add,0.9861999326825984,0.9624705486368226,0.9422753281723325,0.012509817121059127
online-retail-ii,RFM_quintile,A5_M_q1,a5_rfm_fixed,drop,0.852911477616964,0.8111746886570178,0.8111746886570178,0.09076629642095817
online-retail-ii,RFM_quintile,A5_M_q1,a5_rfm_fixed,threshold,0.8111746886570178,0.6637495792662403,0.6220127903062942,0.22416694715583976
online-retail-ii,propensity_logistic_RFM,prop_0,propensity_logistic_rfm,add,0.9947829013800067,0.9949511948838775,0.9757657354426119,0.001682935038707506
online-retail-ii,propensity_logistic_RFM,prop_0,propensity_logistic_rfm,drop,0.8108381016492764,0.6220127903062942,0.6220127903062942,0.1890497026814765
online-retail-ii,propensity_logistic_RFM,prop_0,propensity_logistic_rfm,threshold,0.8108381016492764,0.6220127903062942,0.8111746886570178,0.18893750701222933
online-retail-ii,propensity_logistic_RFM,prop_1,propensity_logistic_rfm,add,0.9814877145742175,0.9249410972736453,0.9809828340626052,0.025019634242118255
online-retail-ii,propensity_logistic_RFM,prop_1,propensity_logistic_rfm,drop,0.7724671827667452,0.8111746886570178,0.6220127903062942,0.17603500504880512
online-retail-ii,propensity_logistic_RFM,prop_1,propensity_logistic_rfm,threshold,0.849545607539549,0.6220127903062942,0.6220127903062942,0.20172781330640635
online-retail-ii,propensity_logistic_RFM,prop_2,propensity_logistic_rfm,add,0.9755974419387412,0.8963312016156176,0.9336923594749242,0.034556266128127455
online-retail-ii,propensity_logistic_RFM,prop_2,propensity_logistic_rfm,drop,0.8781555031975766,0.6220127903062942,0.6220127903062942,0.1666105688320431
online-retail-ii,propensity_logistic_RFM,prop_2,propensity_logistic_rfm,threshold,0.8781555031975766,0.6220127903062942,0.6220127903062942,0.1666105688320431
online-retail-ii,propensity_logistic_RFM,prop_3,propensity_logistic_rfm,add,0.9941097273645237,0.9814877145742175,0.8113429821608886,0.0061707618085941884
online-retail-ii,propensity_logistic_RFM,prop_3,propensity_logistic_rfm,drop,0.711881521373275,0.6637495792662403,0.6637495792662403,0.3202064400314148
online-retail-ii,propensity_logistic_RFM,prop_3,propensity_logistic_rfm,threshold,0.711881521373275,0.6637495792662403,0.6220127903062942,0.2081229664534949
online-retail-ii,propensity_logistic_RFM,prop_4,propensity_logistic_rfm,add,0.9496802423426456,0.9138337260181757,0.9670144732413329,0.028722091327274768
online-retail-ii,propensity_logistic_RFM,prop_4,propensity_logistic_rfm,drop,0.9387411645910468,0.6637495792662403,0.8111746886570178,0.2666891058005161
online-retail-ii,propensity_logistic_RFM,prop_4,propensity_logistic_rfm,threshold,0.6832716257152474,0.9387411645910468,0.6220127903062942,0.03433187478963312
online-retail-ii,propensity_logistic_RFM,prop_5,propensity_logistic_rfm,add,0.9981487714574218,0.9782901380006732,0.9145069000336588,0.0072366206664422755
online-retail-ii,propensity_logistic_RFM,prop_5,propensity_logistic_rfm,drop,0.852911477616964,0.6220127903062942,0.6220127903062942,0.2519914731291372
online-retail-ii,propensity_logistic_RFM,prop_5,propensity_logistic_rfm,threshold,0.9582632110400539,0.8111746886570178,0.6220127903062942,0.12588354089532144
online-retail-ii,propensity_logistic_RFM,prop_6,propensity_logistic_rfm,add,0.9962975429148435,0.8419723998653652,0.8505553685627735,0.05267586671154493
online-retail-ii,propensity_logistic_RFM,prop_6,propensity_logistic_rfm,drop,0.647761696398519,0.8369235947492427,0.6220127903062942,0.10338830921126445
online-retail-ii,propensity_logistic_RFM,prop_6,propensity_logistic_rfm,threshold,0.9840121171322787,0.6220127903062942,0.647761696398519,0.2605744418265455
online-retail-ii,propensity_logistic_RFM,prop_7,propensity_logistic_rfm,add,0.9900706832716257,0.9239313362504208,0.8747896331201616,0.025356221249859756
online-retail-ii,propensity_logistic_RFM,prop_7,propensity_logistic_rfm,drop,0.8216088858970044,0.8111746886570178,0.6220127903062942,0.11544934365533492
online-retail-ii,propensity_logistic_RFM,prop_7,propensity_logistic_rfm,threshold,0.9895658027600135,0.6220127903062942,0.6220127903062942,0.15034219679120386
online-retail-ii,propensity_logistic_RFM,prop_8,propensity_logistic_rfm,add,0.997307303938068,0.9113093234601144,0.9007068327162572,0.02956355884662852
online-retail-ii,propensity_logistic_RFM,prop_8,propensity_logistic_rfm,drop,0.9582632110400539,0.8111746886570178,0.6220127903062942,0.11197127790867273
online-retail-ii,propensity_logistic_RFM,prop_8,propensity_logistic_rfm,threshold,0.8111746886570178,0.8111746886570178,0.6220127903062942,0.13979580388197016
online-retail-ii,BeamSD_WRAcc,SD_000,beam_sd_wracc_no_portfolio,add,0.990575563783238,0.9734096263884214,0.9012117132278694,0.008863457870526198
online-retail-ii,BeamSD_WRAcc,SD_000,beam_sd_wracc_no_portfolio,drop,0.6637495792662403,0.6220127903062942,0.6220127903062942,0.36407494670705703
online-retail-ii,BeamSD_WRAcc,SD_000,beam_sd_wracc_no_portfolio,threshold,0.6637495792662403,0.9582632110400539,0.6220127903062942,0.04173678895994615
online-retail-ii,BeamSD_WRAcc,SD_001,beam_sd_wracc_no_portfolio,add,0.9384045775833053,0.5452709525412319,0.8364187142376305,0.1515763491529227
online-retail-ii,BeamSD_WRAcc,SD_001,beam_sd_wracc_no_portfolio,drop,0.8727701110737126,0.5188488724335241,0.5188488724335241,0.3296869740828004
online-retail-ii,BeamSD_WRAcc,SD_001,beam_sd_wracc_no_portfolio,threshold,0.9732413328845506,0.5188488724335241,0.5188488724335241,0.3296869740828004
online-retail-ii,BeamSD_WRAcc,SD_002,beam_sd_wracc_no_portfolio,add,0.9978121844496802,0.9811511275664759,0.864355435880175,0.0062829574778413555
online-retail-ii,BeamSD_WRAcc,SD_002,beam_sd_wracc_no_portfolio,drop,0.9784584315045439,0.8956580276001347,0.8956580276001347,0.052956355884662853
online-retail-ii,BeamSD_WRAcc,SD_002,beam_sd_wracc_no_portfolio,threshold,0.9171995960955908,0.9171995960955908,0.8956580276001347,0.055200269269606195
online-retail-ii,BeamSD_WRAcc,SD_003,beam_sd_wracc_no_portfolio,add,0.9192191181420397,0.9527095254123191,0.9533826994278021,0.015763491529226972
online-retail-ii,BeamSD_WRAcc,SD_003,beam_sd_wracc_no_portfolio,drop,0.852911477616964,0.9594412655671491,0.6231908448333894,0.04055873443285089
online-retail-ii,BeamSD_WRAcc,SD_003,beam_sd_wracc_no_portfolio,threshold,0.9594412655671491,0.6231908448333894,0.6637495792662403,0.300235610905419
online-retail-ii,BeamSD_WRAcc,SD_004,beam_sd_wracc_no_portfolio,add,0.9727364523729384,0.9134971390104342,0.9365533490407271,0.028834286996521935
online-retail-ii,BeamSD_WRAcc,SD_004,beam_sd_wracc_no_portfolio,drop,0.9321777179400875,0.8978458431504543,0.8768091551666106,0.05693930214293728
online-retail-ii,BeamSD_WRAcc,SD_004,beam_sd_wracc_no_portfolio,threshold,0.8978458431504543,0.8768091551666106,0.8768091551666106,0.08212722988892629
online-retail-ii,BeamSD_WRAcc,SD_005,beam_sd_wracc_no_portfolio,add,0.9256142712891282,0.9599461460787614,0.9543924604510265,0.01335128464041288
online-retail-ii,BeamSD_WRAcc,SD_005,beam_sd_wracc_no_portfolio,drop,0.9500168293503871,0.8916189835072367,0.9094580949175362,0.06630764052507573
online-retail-ii,BeamSD_WRAcc,SD_005,beam_sd_wracc_no_portfolio,threshold,0.9500168293503871,0.8916189835072367,0.9321777179400875,0.05559295411197127
online-retail-ii,BeamSD_WRAcc,SD_006,beam_sd_wracc_no_portfolio,add,0.9942780208683945,0.9855267586671155,0.9394143386065298,0.004824413777628184
online-retail-ii,BeamSD_WRAcc,SD_006,beam_sd_wracc_no_portfolio,drop,0.8108381016492764,0.6637495792662403,0.6220127903062942,0.2872209132727476
online-retail-ii,BeamSD_WRAcc,SD_006,beam_sd_wracc_no_portfolio,threshold,0.8108381016492764,0.8108381016492764,0.8111746886570178,0.18916189835072364
online-retail-ii,BeamSD_WRAcc,SD_007,beam_sd_wracc_no_portfolio,add,0.9947829013800067,0.9390777515987883,0.8739481656008078,0.02030741613373724
online-retail-ii,BeamSD_WRAcc,SD_007,beam_sd_wracc_no_portfolio,drop,0.9670144732413329,0.9286435543588017,0.8956580276001347,0.03096600471221811
online-retail-ii,BeamSD_WRAcc,SD_007,beam_sd_wracc_no_portfolio,threshold,0.9501851228542578,0.9286435543588017,0.8956580276001347,0.0381465275440368
online-retail-ii,ExKMC_IMM_paths,exkmc_0,exkmc_kmeans_tree_path,add,0.9102995624368899,0.8986873106698081,0.8985190171659374,0.033770896443397286
online-retail-ii,ExKMC_IMM_paths,exkmc_0,exkmc_kmeans_tree_path,drop,0.10619320094244362,0.09508582968697409,0.09508582968697409,0.4508582968697408
online-retail-ii,ExKMC_IMM_paths,exkmc_0,exkmc_kmeans_tree_path,threshold,0.9037361157859307,0.8720969370582295,0.5188488724335241,0.06187591158981263
online-retail-ii,ExKMC_IMM_paths,exkmc_1,exkmc_kmeans_tree_path,add,1.0,1.0,1.0,0.0
online-retail-ii,ExKMC_IMM_paths,exkmc_1,exkmc_kmeans_tree_path,drop,0.46718276674520365,0.004712218108381017,0.004712218108381017,0.4082239425558174
online-retail-ii,ExKMC_IMM_paths,exkmc_1,exkmc_kmeans_tree_path,threshold,0.9978121844496802,0.9680242342645574,0.5136317738135308,0.010658588578480871
online-retail-ii,ExKMC_IMM_paths,exkmc_2,exkmc_kmeans_tree_path,add,1.0,1.0,1.0,0.0
online-retail-ii,ExKMC_IMM_paths,exkmc_2,exkmc_kmeans_tree_path,drop,0.3273308650286099,0.004712218108381017,0.004712218108381017,0.33176259396387303
online-retail-ii,ExKMC_IMM_paths,exkmc_2,exkmc_kmeans_tree_path,threshold,0.8362504207337597,0.904240996297543,0.5136317738135308,0.06221249859755414
online-retail-ii,ExKMC_IMM_paths,exkmc_3,exkmc_kmeans_tree_path,add,0.998653651969034,0.998653651969034,0.998653651969034,0.00044878267698866825
online-retail-ii,ExKMC_IMM_paths,exkmc_3,exkmc_kmeans_tree_path,drop,0.10417367889599462,0.006058566139347021,0.006058566139347021,0.41882643329967467
online-retail-ii,ExKMC_IMM_paths,exkmc_3,exkmc_kmeans_tree_path,threshold,0.846852911477617,0.5149781218444968,0.5149781218444968,0.31313811286884324
online-retail-ii,ExKMC_IMM_paths,exkmc_4,exkmc_kmeans_tree_path,add,1.0,1.0,1.0,0.0
online-retail-ii,ExKMC_IMM_paths,exkmc_4,exkmc_kmeans_tree_path,drop,0.4145069000336587,0.004712218108381017,0.004712218108381017,0.331762593963873
online-retail-ii,ExKMC_IMM_paths,exkmc_4,exkmc_kmeans_tree_path,threshold,0.9801413665432515,0.8407943453382699,0.5136317738135308,0.05306855155391002
online-retail-ii,ExKMC_IMM_paths,exkmc_5,exkmc_kmeans_tree_path,add,0.9996634129922585,0.9996634129922585,0.9996634129922585,0.00011219566924716706
online-retail-ii,ExKMC_IMM_paths,exkmc_5,exkmc_kmeans_tree_path,drop,0.13194210703466847,0.005048805116122518,0.005048805116122518,0.4081117468865702
online-retail-ii,ExKMC_IMM_paths,exkmc_5,exkmc_kmeans_tree_path,threshold,0.9951194883877482,0.8492090205318075,0.5139683608212723,0.1298103893189723
online-retail-ii,ExKMC_IMM_paths,exkmc_6,exkmc_kmeans_tree_path,add,0.9964658364187142,0.9961292494109727,0.9961292494109727,0.0012902501963424212
online-retail-ii,ExKMC_IMM_paths,exkmc_6,exkmc_kmeans_tree_path,drop,0.03365870077415012,0.00858296869740828,0.00858296869740828,0.4068775945248513
online-retail-ii,ExKMC_IMM_paths,exkmc_6,exkmc_kmeans_tree_path,threshold,0.9988219454729047,0.5425782564792999,0.5425782564792999,0.2545719735218221
online-retail-ii,ExKMC_IMM_paths,exkmc_7,exkmc_kmeans_tree_path,add,0.9998317064961293,0.9998317064961293,0.9998317064961293,5.609783462358353e-05
online-retail-ii,ExKMC_IMM_paths,exkmc_7,exkmc_kmeans_tree_path,drop,0.1011443958263211,0.004880511612251767,0.004880511612251767,0.4081678447211938
online-retail-ii,ExKMC_IMM_paths,exkmc_7,exkmc_kmeans_tree_path,threshold,0.9683608212722989,0.6100639515314709,0.8409626388421407,0.21614495680466736
online-retail-ii,Shi_persona_foil,shi_0,shi_persona_foil,add,0.9998317064961293,1.0,0.995287781891619,0.0
online-retail-ii,Shi_persona_foil,shi_0,shi_persona_foil,drop,0.03668798384382363,0.03668798384382363,0.009929316728374285,0.4725681588690676
online-retail-ii,Shi_persona_foil,shi_0,shi_persona_foil,threshold,0.16391787277011108,0.009929316728374285,0.009929316728374285,0.33002356109054193
online-retail-ii,Shi_persona_foil,shi_1,shi_persona_foil,add,1.0,0.995287781891619,0.995287781891619,0.0015707393694603389
online-retail-ii,Shi_persona_foil,shi_1,shi_persona_foil,drop,0.03668798384382363,0.03668798384382363,0.009929316728374285,0.32110400538539213
online-retail-ii,Shi_persona_foil,shi_1,shi_persona_foil,threshold,0.4910804442948502,0.009929316728374285,0.03668798384382363,0.6329518680578929
online-retail-ii,Shi_persona_foil,shi_2,shi_persona_foil,add,1.0,0.9998317064961293,0.995287781891619,5.609783462358353e-05
online-retail-ii,Shi_persona_foil,shi_2,shi_persona_foil,drop,0.03668798384382363,0.16391787277011108,0.009929316728374285,0.4968024234264557
online-retail-ii,Shi_persona_foil,shi_2,shi_persona_foil,threshold,0.16391787277011108,0.009929316728374285,0.009929316728374285,0.3389431167956917
online-retail-ii,Shi_persona_foil,shi_3,shi_persona_foil,add,0.9996634129922585,0.9994951194883878,0.9991585324806462,0.0001682935038707506
online-retail-ii,Shi_persona_foil,shi_3,shi_persona_foil,drop,0.16391787277011108,0.009929316728374285,0.009929316728374285,0.4904072702793672
online-retail-ii,Shi_persona_foil,shi_3,shi_persona_foil,threshold,0.009929316728374285,0.009929316728374285,0.009929316728374285,0.4148434870414002
online-retail-ii,Shi_persona_foil,shi_4,shi_persona_foil,add,1.0,0.995287781891619,0.995287781891619,0.0015707393694603389
online-retail-ii,Shi_persona_foil,shi_4,shi_persona_foil,drop,0.03668798384382363,0.03668798384382363,0.009929316728374285,0.32110400538539213
online-retail-ii,Shi_persona_foil,shi_4,shi_persona_foil,threshold,0.4910804442948502,0.009929316728374285,0.009929316728374285,0.4326825984516997
online-retail-ii,Shi_persona_foil,shi_5,shi_persona_foil,add,1.0,1.0,1.0,0.0
online-retail-ii,Shi_persona_foil,shi_5,shi_persona_foil,drop,0.009929316728374285,0.009929316728374285,0.009929316728374285,0.4904072702793672
online-retail-ii,Shi_persona_foil,shi_5,shi_persona_foil,threshold,0.03668798384382363,0.009929316728374285,0.009929316728374285,0.4904072702793672
online-retail-ii,Shi_persona_foil,shi_6,shi_persona_foil,add,1.0,1.0,0.9998317064961293,0.0
online-retail-ii,Shi_persona_foil,shi_6,shi_persona_foil,drop,0.16391787277011108,0.009929316728374285,0.009929316728374285,0.49040727027936715
online-retail-ii,Shi_persona_foil,shi_6,shi_persona_foil,threshold,0.009929316728374285,0.009929316728374285,0.009929316728374285,0.4904072702793672
online-retail-ii,Shi_persona_foil,shi_7,shi_persona_foil,add,1.0,1.0,0.995287781891619,0.0
online-retail-ii,Shi_persona_foil,shi_7,shi_persona_foil,drop,0.4910804442948502,0.009929316728374285,0.009929316728374285,0.3813530797711208
online-retail-ii,Shi_persona_foil,shi_7,shi_persona_foil,threshold,0.16391787277011108,0.03668798384382363,0.03668798384382363,0.3635139683608213
online-retail-ii,LACE_CtrlCE_foil,LACE_003,lace_nl_no_typed_freeze,add,0.9508582968697409,0.9511948838774823,0.9495119488387749,0.016268372040839224
online-retail-ii,LACE_CtrlCE_foil,LACE_003,lace_nl_no_typed_freeze,drop,1.0,1.0,1.0,0.0
online-retail-ii,LACE_CtrlCE_foil,LACE_003,lace_nl_no_typed_freeze,threshold,1.0,1.0,1.0,0.0
online-retail-ii,LACE_CtrlCE_foil,LACE_002,lace_nl_no_typed_freeze,add,0.8875799394143387,0.7734769437899697,0.7648939750925614,0.07550768540334343
online-retail-ii,LACE_CtrlCE_foil,LACE_002,lace_nl_no_typed_freeze,drop,1.0,1.0,1.0,0.0
online-retail-ii,LACE_CtrlCE_foil,LACE_002,lace_nl_no_typed_freeze,threshold,1.0,1.0,1.0,0.0
online-retail-ii,LACE_CtrlCE_foil,LACE_007,lace_nl_no_typed_freeze,add,0.7197913160552003,0.7110400538539212,0.6979131605520027,0.09631998204869292
online-retail-ii,LACE_CtrlCE_foil,LACE_007,lace_nl_no_typed_freeze,drop,1.0,1.0,1.0,0.0
online-retail-ii,LACE_CtrlCE_foil,LACE_007,lace_nl_no_typed_freeze,threshold,1.0,1.0,1.0,0.0
online-retail-ii,LACE_CtrlCE_foil,LACE_001,lace_nl_no_typed_freeze,add,0.7812184449680243,0.769269606193201,0.7610232245035342,0.07691013126893302
online-retail-ii,LACE_CtrlCE_foil,LACE_001,lace_nl_no_typed_freeze,drop,1.0,1.0,1.0,0.0
online-retail-ii,LACE_CtrlCE_foil,LACE_001,lace_nl_no_typed_freeze,threshold,1.0,1.0,1.0,0.0
online-retail-ii,LACE_CtrlCE_foil,LACE_000,lace_nl_no_typed_freeze,add,0.9511948838774823,0.6836082127229889,0.6667788623359139,0.10546392909233704
online-retail-ii,LACE_CtrlCE_foil,LACE_000,lace_nl_no_typed_freeze,drop,1.0,1.0,1.0,0.0
online-retail-ii,LACE_CtrlCE_foil,LACE_000,lace_nl_no_typed_freeze,threshold,1.0,1.0,1.0,0.0
online-retail-ii,LACE_CtrlCE_foil,LACE_004,lace_nl_no_typed_freeze,add,0.7871087176035005,0.7763379333557725,0.7726354762706159,0.07455402221474251
online-retail-ii,LACE_CtrlCE_foil,LACE_004,lace_nl_no_typed_freeze,drop,1.0,1.0,1.0,0.0
online-retail-ii,LACE_CtrlCE_foil,LACE_004,lace_nl_no_typed_freeze,threshold,1.0,1.0,1.0,0.0
online-retail-ii,LACE_CtrlCE_foil,LACE_005,lace_nl_no_typed_freeze,add,0.8591383372601817,0.8343991921911814,0.8330528441602154,0.055200269269606195
online-retail-ii,LACE_CtrlCE_foil,LACE_005,lace_nl_no_typed_freeze,drop,1.0,1.0,1.0,0.0
online-retail-ii,LACE_CtrlCE_foil,LACE_005,lace_nl_no_typed_freeze,threshold,1.0,1.0,1.0,0.0
online-retail-ii,LACE_CtrlCE_foil,LACE_006,lace_nl_no_typed_freeze,add,0.8142039717266913,0.8194210703466847,0.8111746886570178,0.060192976551105136
online-retail-ii,LACE_CtrlCE_foil,LACE_006,lace_nl_no_typed_freeze,drop,1.0,1.0,1.0,0.0
online-retail-ii,LACE_CtrlCE_foil,LACE_006,lace_nl_no_typed_freeze,threshold,1.0,1.0,1.0,0.0
complete-journey,A1_typed_beam,A1_000,a1_typed_beam_portfolio,add,0.8282705548805185,0.690562980963953,0.4082624544349939,0.10314567301201566
complete-journey,A1_typed_beam,A1_000,a1_typed_beam_portfolio,drop,0.5633859862292426,0.5633859862292426,0.5378695828270554,0.3368435263939517
complete-journey,A1_typed_beam,A1_000,a1_typed_beam_portfolio,threshold,0.5633859862292426,0.5633859862292426,0.8371810449574727,0.23707303901714594
complete-journey,A1_typed_beam,A1_008,a1_typed_beam_portfolio,add,0.5330093155123532,0.8622924260834346,0.3045767517213447,0.045902524638855136
complete-journey,A1_typed_beam,A1_008,a1_typed_beam_portfolio,drop,0.8659376265694613,0.8513568246253544,0.5305791818550021,0.09423518293506143
complete-journey,A1_typed_beam,A1_008,a1_typed_beam_portfolio,threshold,0.8659376265694613,0.9854191980558931,0.5305791818550021,0.014580801944106927
complete-journey,A1_typed_beam,A1_016,a1_typed_beam_portfolio,add,0.06723369785338193,0.28554070473876064,0.08788983394086675,0.23815309842041313
complete-journey,A1_typed_beam,A1_016,a1_typed_beam_portfolio,drop,0.7849331713244229,0.7849331713244229,0.7650870797893884,0.1717294451194816
complete-journey,A1_typed_beam,A1_016,a1_typed_beam_portfolio,threshold,0.7849331713244229,0.7849331713244229,0.7650870797893884,0.1433778857837181
complete-journey,A1_typed_beam,A1_017,a1_typed_beam_portfolio,add,0.9015795868772782,0.6010530579181855,0.23491292021061158,0.13298231402727148
complete-journey,A1_typed_beam,A1_017,a1_typed_beam_portfolio,drop,0.9254759011745646,0.808424463345484,0.808424463345484,0.07047387606318348
complete-journey,A1_typed_beam,A1_017,a1_typed_beam_portfolio,threshold,0.9801539084649655,0.8282705548805185,0.9056298096395302,0.1220467125691913
complete-journey,A1_typed_beam,A1_018,a1_typed_beam_portfolio,add,0.6435803969218307,0.36573511543134873,0.5220737140542729,0.21142162818955043
complete-journey,A1_typed_beam,A1_018,a1_typed_beam_portfolio,drop,0.9279060348319158,0.7877683272579992,0.9084649655731065,0.11745646010530579
complete-journey,A1_typed_beam,A1_018,a1_typed_beam_portfolio,threshold,0.9805589307411907,0.8072093965168085,0.9279060348319158,0.15255839071148913
complete-journey,A1_typed_beam,A1_019,a1_typed_beam_portfolio,add,0.8153098420413123,0.38558120696638315,0.25637910085054677,0.20480626434453897
complete-journey,A1_typed_beam,A1_019,a1_typed_beam_portfolio,drop,0.9878493317132442,0.759821790198461,0.9048197650870798,0.1641690292966113
complete-journey,A1_typed_beam,A1_019,a1_typed_beam_portfolio,threshold,0.9878493317132442,0.9048197650870798,0.759821790198461,0.03577696773322533
complete-journey,A1_typed_beam,A1_020,a1_typed_beam_portfolio,add,0.9246658566221142,0.8732280275415147,0.5548805184285136,0.04225732415282841
complete-journey,A1_typed_beam,A1_020,a1_typed_beam_portfolio,drop,0.9202106115836372,0.9096800324017821,0.9096800324017821,0.03361684892669097
complete-journey,A1_typed_beam,A1_020,a1_typed_beam_portfolio,threshold,0.989469420818145,0.989469420818145,0.8059943296881329,0.010530579181855002
complete-journey,A1_typed_beam,A1_021,a1_typed_beam_portfolio,add,0.9967598217901985,0.7772377480761442,0.2446334548400162,0.0742540839746186
complete-journey,A1_typed_beam,A1_021,a1_typed_beam_portfolio,drop,0.987444309437019,0.7845281490481977,0.7970838396111786,0.13946267044687458
complete-journey,A1_typed_beam,A1_021,a1_typed_beam_portfolio,threshold,0.9226407452409883,0.7970838396111786,0.7845281490481977,0.13527744025921426
complete-journey,A0_propose_verify,A0_000,a0_schema_propose_verify,add,0.9975698663426489,0.2754151478331308,0.0319967598217902,0.24152828405562307
complete-journey,A0_propose_verify,A0_000,a0_schema_propose_verify,drop,0.8626974483596598,0.5633859862292426,0.5378695828270554,0.3368435263939517
complete-journey,A0_propose_verify,A0_000,a0_schema_propose_verify,threshold,0.5633859862292426,0.5633859862292426,0.5378695828270554,0.2910760091805049
complete-journey,A0_propose_verify,A0_008,a0_schema_propose_verify,add,0.5569056298096395,0.49736735520453623,0.2936411502632645,0.16754421493182126
complete-journey,A0_propose_verify,A0_008,a0_schema_propose_verify,drop,0.8659376265694613,0.5305791818550021,0.8513568246253544,0.26825975428648574
complete-journey,A0_propose_verify,A0_008,a0_schema_propose_verify,threshold,0.9854191980558931,0.5305791818550021,0.5305791818550021,0.3576346699068449
complete-journey,RFM_quintile,A5_M_q5,a5_rfm_fixed,add,0.8262454434993924,0.5078979343863913,0.6294046172539489,0.16403402187120292
complete-journey,RFM_quintile,A5_M_q5,a5_rfm_fixed,drop,0.8371810449574727,0.8371810449574727,0.5378695828270554,0.14580801944106925
complete-journey,RFM_quintile,A5_M_q5,a5_rfm_fixed,threshold,0.8626974483596598,0.8371810449574727,0.5378695828270554,0.16281895504252733
complete-journey,RFM_quintile,A5_F_q5,a5_rfm_fixed,add,0.5633859862292426,0.38153098420413123,0.5394896719319563,0.20615633859862292
complete-journey,RFM_quintile,A5_F_q5,a5_rfm_fixed,drop,0.8829485621709194,0.8829485621709194,0.5961927906034832,0.10517078439314163
complete-journey,RFM_quintile,A5_F_q5,a5_rfm_fixed,threshold,0.9007695423248279,0.6140137707573916,0.5961927906034832,0.29040097205346294
complete-journey,RFM_quintile,A5_R_q1,a5_rfm_fixed,add,0.9825840421223168,0.7735925475901174,0.6460105305791819,0.07546915080329418
complete-journey,RFM_quintile,A5_R_q1,a5_rfm_fixed,drop,0.5949777237748076,0.5949777237748076,0.5949777237748076,0.40502227622519243
complete-journey,RFM_quintile,A5_R_q1,a5_rfm_fixed,threshold,0.5949777237748076,0.5949777237748076,0.3770757391656541,0.2381530984204131
complete-journey,RFM_quintile,A5_R_q5,a5_rfm_fixed,add,0.9987849331713244,0.669501822600243,0.488456865127582,0.11016605913325234
complete-journey,RFM_quintile,A5_R_q5,a5_rfm_fixed,drop,0.7496962332928311,0.5949777237748076,0.3770757391656541,0.3018766032131767
complete-journey,RFM_quintile,A5_R_q5,a5_rfm_fixed,threshold,0.7496962332928311,0.5949777237748076,0.3770757391656541,0.2381530984204131
complete-journey,RFM_quintile,A5_M_q1,a5_rfm_fixed,add,0.9728635074929121,0.8671526933981369,0.8375860672336979,0.04428243553395437
complete-journey,RFM_quintile,A5_M_q1,a5_rfm_fixed,drop,0.8626974483596598,0.8371810449574727,0.8371810449574727,0.07128392061563385
complete-journey,RFM_quintile,A5_M_q1,a5_rfm_fixed,threshold,0.8371810449574727,0.5633859862292426,0.5378695828270554,0.2910760091805049
complete-journey,propensity_logistic_RFM,prop_0,propensity_logistic_rfm,add,0.8598622924260835,0.6597812879708383,0.44390441474281084,0.11340623734305387
complete-journey,propensity_logistic_RFM,prop_0,propensity_logistic_rfm,drop,0.7006885378695829,0.5378695828270554,0.5378695828270554,0.2538139597677872
complete-journey,propensity_logistic_RFM,prop_0,propensity_logistic_rfm,threshold,0.7006885378695829,0.5378695828270554,0.8371810449574727,0.20831645740515725
complete-journey,propensity_logistic_RFM,prop_1,propensity_logistic_rfm,add,0.8793033616848926,0.49817739975698666,0.5577156743620899,0.16727420008100444
complete-journey,propensity_logistic_RFM,prop_1,propensity_logistic_rfm,drop,0.6618063993519644,0.8371810449574727,0.5378695828270554,0.1498582422033212
complete-journey,propensity_logistic_RFM,prop_1,propensity_logistic_rfm,threshold,0.8760631834750912,0.5378695828270554,0.5378695828270554,0.22127717024436344
complete-journey,propensity_logistic_RFM,prop_2,propensity_logistic_rfm,add,0.8732280275415147,0.7237748076144188,0.5779667881733496,0.09207506412852708
complete-journey,propensity_logistic_RFM,prop_2,propensity_logistic_rfm,drop,0.9056298096395302,0.5378695828270554,0.5378695828270554,0.1855002025111381
complete-journey,propensity_logistic_RFM,prop_2,propensity_logistic_rfm,threshold,0.9056298096395302,0.5378695828270554,0.5378695828270554,0.1855002025111381
complete-journey,propensity_logistic_RFM,prop_3,propensity_logistic_rfm,add,0.766302146618064,0.6533009315512354,0.3556095585257189,0.11556635614958823
complete-journey,propensity_logistic_RFM,prop_3,propensity_logistic_rfm,drop,0.6010530579181855,0.5633859862292426,0.5633859862292426,0.4240583232077764
complete-journey,propensity_logistic_RFM,prop_3,propensity_logistic_rfm,threshold,0.6010530579181855,0.5633859862292426,0.5378695828270554,0.27852031861752397
complete-journey,propensity_logistic_RFM,prop_4,propensity_logistic_rfm,add,0.8845686512758202,0.0850546780072904,0.254759011745646,0.3049817739975698
complete-journey,propensity_logistic_RFM,prop_4,propensity_logistic_rfm,drop,0.9574726609963548,0.5633859862292426,0.8371810449574727,0.331173214526799
complete-journey,propensity_logistic_RFM,prop_4,propensity_logistic_rfm,threshold,0.5803969218307007,0.9574726609963548,0.5378695828270554,0.022681247468610773
complete-journey,propensity_logistic_RFM,prop_5,propensity_logistic_rfm,add,0.36087484811664644,0.5070878898339408,0.4888618874038072,0.16430403672201974
complete-journey,propensity_logistic_RFM,prop_5,propensity_logistic_rfm,drop,0.8626974483596598,0.5378695828270554,0.5378695828270554,0.308086944781963
complete-journey,propensity_logistic_RFM,prop_5,propensity_logistic_rfm,threshold,0.9744835965978129,0.8371810449574727,0.5378695828270554,0.10854597002835155
complete-journey,propensity_logistic_RFM,prop_6,propensity_logistic_rfm,add,0.47185095180234915,0.24584852166869178,0.4208181449979749,0.2513838261104361
complete-journey,propensity_logistic_RFM,prop_6,propensity_logistic_rfm,drop,0.5500202511138113,0.8493317132442284,0.5378695828270554,0.0959902794653706
complete-journey,propensity_logistic_RFM,prop_6,propensity_logistic_rfm,threshold,0.9866342648845686,0.5378695828270554,0.5500202511138113,0.3121371675442149
complete-journey,propensity_logistic_RFM,prop_7,propensity_logistic_rfm,add,0.9813689752936412,0.8586472255974078,0.5321992709599028,0.047117591467530716
complete-journey,propensity_logistic_RFM,prop_7,propensity_logistic_rfm,drop,0.8420413122721749,0.8371810449574727,0.5378695828270554,0.1016605913325233
complete-journey,propensity_logistic_RFM,prop_7,propensity_logistic_rfm,threshold,0.9951397326852977,0.5378695828270554,0.5378695828270554,0.16943431888753882
complete-journey,propensity_logistic_RFM,prop_8,propensity_logistic_rfm,add,0.8995544754961523,0.5151883353584447,0.0016200891049007696,0.16160388821385177
complete-journey,propensity_logistic_RFM,prop_8,propensity_logistic_rfm,drop,0.9744835965978129,0.8371810449574727,0.5378695828270554,0.10004050222762251
complete-journey,propensity_logistic_RFM,prop_8,propensity_logistic_rfm,threshold,0.8371810449574727,0.8371810449574727,0.5378695828270554,0.1170514378290806
complete-journey,BeamSD_WRAcc,SD_000,beam_sd_wracc_no_portfolio,add,0.8051842851356824,0.4629404617253949,0.29202106115836374,0.179019846091535
complete-journey,BeamSD_WRAcc,SD_000,beam_sd_wracc_no_portfolio,drop,0.5633859862292426,0.5378695828270554,0.5378695828270554,0.4536249493722155
complete-journey,BeamSD_WRAcc,SD_000,beam_sd_wracc_no_portfolio,threshold,0.5633859862292426,0.9744835965978129,0.5378695828270554,0.02551640340218712
complete-journey,BeamSD_WRAcc,SD_001,beam_sd_wracc_no_portfolio,add,0.31146213041717297,0.4848116646415553,0.19036046982584043,0.17172944511948154
complete-journey,BeamSD_WRAcc,SD_001,beam_sd_wracc_no_portfolio,drop,0.8626974483596598,0.5378695828270554,0.5378695828270554,0.31659241258269205
complete-journey,BeamSD_WRAcc,SD_001,beam_sd_wracc_no_portfolio,threshold,0.9744835965978129,0.5378695828270554,0.5378695828270554,0.31659241258269205
complete-journey,BeamSD_WRAcc,SD_002,beam_sd_wracc_no_portfolio,add,0.7885783718104495,0.8363710004050223,0.17496962332928312,0.05454299986499258
complete-journey,BeamSD_WRAcc,SD_002,beam_sd_wracc_no_portfolio,drop,0.9744835965978129,0.5402997164844067,0.5402997164844067,0.26069933846361554
complete-journey,BeamSD_WRAcc,SD_002,beam_sd_wracc_no_portfolio,threshold,0.5658161198865937,0.5658161198865937,0.5402997164844067,0.28945592007560417
complete-journey,BeamSD_WRAcc,SD_003,beam_sd_wracc_no_portfolio,add,0.9866342648845686,0.5913325232887808,0.20899149453219928,0.13622249223707306
complete-journey,BeamSD_WRAcc,SD_003,beam_sd_wracc_no_portfolio,drop,0.8626974483596598,0.9744835965978129,0.5439449169704333,0.02551640340218712
complete-journey,BeamSD_WRAcc,SD_003,beam_sd_wracc_no_portfolio,threshold,0.9744835965978129,0.5439449169704333,0.5694613203726205,0.3498042392331578
complete-journey,BeamSD_WRAcc,SD_004,beam_sd_wracc_no_portfolio,add,0.5625759416767923,0.054678007290400975,0.5439449169704333,0.31510733090319965
complete-journey,BeamSD_WRAcc,SD_004,beam_sd_wracc_no_portfolio,drop,0.8663426488456865,0.5856622114216282,0.560145808019441,0.32523288780882953
complete-journey,BeamSD_WRAcc,SD_004,beam_sd_wracc_no_portfolio,threshold,0.5856622114216282,0.560145808019441,0.560145808019441,0.2932361279870393
complete-journey,BeamSD_WRAcc,SD_005,beam_sd_wracc_no_portfolio,add,0.8355609558525718,0.22073714054272986,0.3940866747671122,0.2597542864857567
complete-journey,BeamSD_WRAcc,SD_005,beam_sd_wracc_no_portfolio,drop,0.8675577156743621,0.5706763872012961,0.5949777237748076,0.2781152963412988
complete-journey,BeamSD_WRAcc,SD_005,beam_sd_wracc_no_portfolio,threshold,0.8675577156743621,0.5706763872012961,0.8432563791008505,0.24206831375725665
complete-journey,BeamSD_WRAcc,SD_006,beam_sd_wracc_no_portfolio,add,0.5621709194005671,0.5423248278655326,0.477926285945727,0.15255839071148913
complete-journey,BeamSD_WRAcc,SD_006,beam_sd_wracc_no_portfolio,drop,0.6512758201701093,0.6512758201701093,0.6269744835965978,0.3487241798298906
complete-journey,BeamSD_WRAcc,SD_006,beam_sd_wracc_no_portfolio,threshold,0.6512758201701093,0.6512758201701093,0.8521668691778048,0.2663696503307682
complete-journey,BeamSD_WRAcc,SD_007,beam_sd_wracc_no_portfolio,add,0.9846091535034427,0.724179829890644,0.19724584852166868,0.09194005670311867
complete-journey,BeamSD_WRAcc,SD_007,beam_sd_wracc_no_portfolio,drop,0.6654515998379911,0.8509518023491291,0.6419603078169299,0.09936546510058053
complete-journey,BeamSD_WRAcc,SD_007,beam_sd_wracc_no_portfolio,threshold,0.8744430943701904,0.9765087079789389,0.6419603078169299,0.02349129202106116
complete-journey,ExKMC_IMM_paths,exkmc_0,exkmc_kmeans_tree_path,add,0.9821790198460916,0.9461320372620494,0.9360064803564196,0.01795598757931686
complete-journey,ExKMC_IMM_paths,exkmc_0,exkmc_kmeans_tree_path,drop,0.38558120696638315,0.10692588092345079,0.09518023491292021,0.3828810584582152
complete-journey,ExKMC_IMM_paths,exkmc_0,exkmc_kmeans_tree_path,threshold,0.9396516808424463,0.928311057108141,0.8865937626569461,0.032131767247198594
complete-journey,ExKMC_IMM_paths,exkmc_1,exkmc_kmeans_tree_path,add,0.9983799108950993,0.9987849331713244,0.9983799108950993,0.00040502227622519235
complete-journey,ExKMC_IMM_paths,exkmc_1,exkmc_kmeans_tree_path,drop,0.5722964763061968,0.04738760631834751,0.04738760631834751,0.3691103010665587
complete-journey,ExKMC_IMM_paths,exkmc_1,exkmc_kmeans_tree_path,threshold,0.9979748886188741,0.9825840421223168,0.6776022681247469,0.010935601458080195
complete-journey,ExKMC_IMM_paths,exkmc_2,exkmc_kmeans_tree_path,add,0.9955447549615228,0.9846091535034427,0.9837991089509923,0.0051302821655191035
complete-journey,ExKMC_IMM_paths,exkmc_2,exkmc_kmeans_tree_path,drop,0.9979748886188741,0.8825435398946943,0.595787768327258,0.0739840691238018
complete-journey,ExKMC_IMM_paths,exkmc_2,exkmc_kmeans_tree_path,threshold,0.9975698663426489,0.6059133252328878,0.595787768327258,0.20386121236668017
complete-journey,ExKMC_IMM_paths,exkmc_3,exkmc_kmeans_tree_path,add,1.0,1.0,1.0,0.0
complete-journey,ExKMC_IMM_paths,exkmc_3,exkmc_kmeans_tree_path,drop,0.5763466990684488,0.4507897934386391,0.04576751721344674,0.2446334548400162
complete-journey,ExKMC_IMM_paths,exkmc_3,exkmc_kmeans_tree_path,threshold,0.9044147428108545,0.6018631024706359,0.5921425678412313,0.1327122991764547
complete-journey,ExKMC_IMM_paths,exkmc_4,exkmc_kmeans_tree_path,add,0.6605913325232888,0.6472255974078575,0.6468205751316323,0.11759146753071419
complete-journey,ExKMC_IMM_paths,exkmc_4,exkmc_kmeans_tree_path,drop,0.4426893479141353,0.2604293236127987,0.2174969623329283,0.45173484541649783
complete-journey,ExKMC_IMM_paths,exkmc_4,exkmc_kmeans_tree_path,threshold,0.6678817334953422,0.6658566221142163,0.5965978128797084,0.11205616308896989
complete-journey,ExKMC_IMM_paths,exkmc_5,exkmc_kmeans_tree_path,add,0.9987849331713244,0.9987849331713244,0.9987849331713244,0.00040502227622519235
complete-journey,ExKMC_IMM_paths,exkmc_5,exkmc_kmeans_tree_path,drop,0.6537059538274606,0.04698258404212231,0.04698258404212231,0.4526798973943567
complete-journey,ExKMC_IMM_paths,exkmc_5,exkmc_kmeans_tree_path,threshold,0.9975698663426489,0.91575536654516,0.6030781692993115,0.07371405427298501
complete-journey,ExKMC_IMM_paths,exkmc_6,exkmc_kmeans_tree_path,add,0.9939246658566221,0.9939246658566221,0.9939246658566221,0.0020251113811259615
complete-journey,ExKMC_IMM_paths,exkmc_6,exkmc_kmeans_tree_path,drop,0.5321992709599028,0.051437829080599434,0.05184285135682463,0.5236938031591738
complete-journey,ExKMC_IMM_paths,exkmc_6,exkmc_kmeans_tree_path,threshold,0.9975698663426489,0.8849736735520454,0.7002835155933577,0.07141892804104226
complete-journey,ExKMC_IMM_paths,exkmc_7,exkmc_kmeans_tree_path,add,1.0,1.0,1.0,0.0
complete-journey,ExKMC_IMM_paths,exkmc_7,exkmc_kmeans_tree_path,drop,0.6703118671526934,0.04576751721344674,0.04576751721344674,0.5257189145402997
complete-journey,ExKMC_IMM_paths,exkmc_7,exkmc_kmeans_tree_path,threshold,0.982989064398542,0.7731875253138922,0.8797083839611178,0.11084109626029433
complete-journey,LACE_CtrlCE_foil,LACE_001,lace_nl_no_typed_freeze,add,0.5755366545159983,0.2827055488051843,0.2823005265289591,0.2390981503982719
complete-journey,LACE_CtrlCE_foil,LACE_001,lace_nl_no_typed_freeze,drop,1.0,1.0,1.0,0.0
complete-journey,LACE_CtrlCE_foil,LACE_001,lace_nl_no_typed_freeze,threshold,1.0,1.0,1.0,0.0
complete-journey,LACE_CtrlCE_foil,LACE_005,lace_nl_no_typed_freeze,add,0.6646415552855407,0.8124746861077359,0.6650465775617659,0.06250843796408802
complete-journey,LACE_CtrlCE_foil,LACE_005,lace_nl_no_typed_freeze,drop,1.0,1.0,1.0,0.0
complete-journey,LACE_CtrlCE_foil,LACE_005,lace_nl_no_typed_freeze,threshold,1.0,1.0,1.0,0.0
complete-journey,LACE_CtrlCE_foil,LACE_003,lace_nl_no_typed_freeze,add,0.7586067233697853,0.44309437019036046,0.43418388011340625,0.1856352099365465
complete-journey,LACE_CtrlCE_foil,LACE_003,lace_nl_no_typed_freeze,drop,1.0,1.0,1.0,0.0
complete-journey,LACE_CtrlCE_foil,LACE_003,lace_nl_no_typed_freeze,threshold,1.0,1.0,1.0,0.0
complete-journey,LACE_CtrlCE_foil,LACE_004,lace_nl_no_typed_freeze,add,0.6249493722154719,0.28797083839611176,0.28108545970028354,0.23734305386796273
complete-journey,LACE_CtrlCE_foil,LACE_004,lace_nl_no_typed_freeze,drop,1.0,1.0,1.0,0.0
complete-journey,LACE_CtrlCE_foil,LACE_004,lace_nl_no_typed_freeze,threshold,1.0,1.0,1.0,0.0
complete-journey,LACE_CtrlCE_foil,LACE_002,lace_nl_no_typed_freeze,add,0.23815309842041313,0.24503847711624138,0.2393681652490887,0.2516538409612529
complete-journey,LACE_CtrlCE_foil,LACE_002,lace_nl_no_typed_freeze,drop,1.0,1.0,1.0,0.0
complete-journey,LACE_CtrlCE_foil,LACE_002,lace_nl_no_typed_freeze,threshold,1.0,1.0,1.0,0.0
complete-journey,LACE_CtrlCE_foil,LACE_006,lace_nl_no_typed_freeze,add,0.8598622924260835,0.840016200891049,0.8388011340623734,0.053327933036317
complete-journey,LACE_CtrlCE_foil,LACE_006,lace_nl_no_typed_freeze,drop,1.0,1.0,1.0,0.0
complete-journey,LACE_CtrlCE_foil,LACE_006,lace_nl_no_typed_freeze,threshold,1.0,1.0,1.0,0.0
complete-journey,LACE_CtrlCE_foil,LACE_000,lace_nl_no_typed_freeze,add,0.446334548400162,0.0907249898744431,0.07614418793033617,0.3030916700418523
complete-journey,LACE_CtrlCE_foil,LACE_000,lace_nl_no_typed_freeze,drop,1.0,1.0,1.0,0.0
complete-journey,LACE_CtrlCE_foil,LACE_000,lace_nl_no_typed_freeze,threshold,1.0,1.0,1.0,0.0
complete-journey,LACE_CtrlCE_foil,LACE_007,lace_nl_no_typed_freeze,add,0.9465370595382746,0.6873228027541515,0.6869177804779263,0.10422573241528282
complete-journey,LACE_CtrlCE_foil,LACE_007,lace_nl_no_typed_freeze,drop,1.0,1.0,1.0,0.0
complete-journey,LACE_CtrlCE_foil,LACE_007,lace_nl_no_typed_freeze,threshold,1.0,1.0,1.0,0.0
